Behavioral Policy,Training Steps,IQL Score,BC Score,IQL Score Std Dev,BC Score Std Dev
Expert,500,3.8,14.959999999999999,2.2237355957937086,5.539223772334893
Mixed Suboptimal,500,4.9,15.6,1.4636332266733432,2.6423894910141885
Mixed Random,500,4.5200000000000005,14.84,1.6171305176488109,5.238574869815899
Epsilon-greedy,500,5.38,14.26,0.5788878225624644,2.910975399720475
Boltzmann Softmax: Tau 0.5,500,0.22000000000000003,0.5,0.4638007234913623,0.6463573143221771
Boltzmann Softmax: Tau 1.5,500,0.6799999999999999,1.2,0.9942054337230531,1.1623730516108461
Random,500,2.1100000000000003,1.9899999999999998,2.0738852427268006,3.45589673199623
