Behavioral Policy,Training Steps,IQL Score,BC Score,IQL Score Std Dev,BC Score Std Dev
Expert,50000,7.159999999999999,16.3,3.4151134681002913,5.28441103624614
Mixed Suboptimal,50000,8.16,16.9,3.767463042655864,3.414348807280501
Mixed Random,50000,4.04,13.7,2.199090721184554,3.328997179665705
Epsilon-greedy,50000,7.340000000000001,13.52,2.631096096053253,3.12224990102401
Boltzmann Softmax: Tau 0.5,50000,2.38,1.42,2.047654484743188,0.9390302326218138
Boltzmann Softmax: Tau 1.5,50000,3.08,1.86,1.7529657409341715,2.086570817819941
Random,50000,2.96,2.7199999999999998,1.8626146497151077,3.459222777188862
