Behavioral Policy,Training Steps,IQL Score,BC Score,IQL Score Std Dev,BC Score Std Dev
Expert,100,3.8,4.4799999999999995,2.2237355957937086,2.656501458685841
Mixed Suboptimal,100,3.8,3.2600000000000002,2.0965580258021848,2.046786098578289
Mixed Random,100,2.66,2.06,2.173680953794482,2.1412353651312803
Epsilon-greedy,100,3.8,3.7399999999999998,2.0965580258021848,2.061930055931955
Boltzmann Softmax: Tau 0.5,100,0.0,1.34,0.0,2.3339046919510467
Boltzmann Softmax: Tau 1.5,100,1.16,1.9,1.0532489417670132,2.2191089302790985
Random,100,0.73,1.4,0.8000694414306243,1.806777364382354
