Behavioral Policy,Training Steps,IQL Score,BC Score,IQL Score Std Dev,BC Score Std Dev
Expert,2000,6.44,14.439999999999998,3.456587912956937,5.674768717754054
Mixed Suboptimal,2000,7.0200000000000005,16.54,4.006882966984575,3.208738069709025
Mixed Random,2000,4.6,12.5,2.0110804171997807,2.6645825188948464
Epsilon-greedy,2000,8.72,16.259999999999998,1.8516059095942754,3.145790838565081
Boltzmann Softmax: Tau 0.5,2000,3.0,1.98,4.456206657884907,2.2768399153212333
Boltzmann Softmax: Tau 1.5,2000,3.2399999999999998,2.06,4.376502916459416,2.0369912452765555
Random,2000,2.29,3.3899999999999997,2.215826908602946,3.342138370697552
