Behavioral Policy,Training Steps,IQL Score,BC Score,IQL Score Std Dev,BC Score Std Dev
Expert,1000,4.88,14.7,2.954149623834243,5.60223169817172
Mixed Suboptimal,1000,6.840000000000001,14.24,3.075783549673879,4.626781939005891
Mixed Random,1000,5.68,13.569999999999999,3.4230590607427938,3.4137141714625794
Epsilon-greedy,1000,8.360000000000001,13.2,2.2237106126672352,3.80992854992788
Boltzmann Softmax: Tau 0.5,1000,0.24,0.26,0.5059644256269407,0.5481281277625191
Boltzmann Softmax: Tau 1.5,1000,2.54,2.6,1.750682406631451,2.157158624981791
Random,1000,2.04,3.0100000000000002,2.1711236210261675,3.4799265637206904
