Behavioral Policy,Training Steps,IQL Score,BC Score,IQL Score Std Dev,BC Score Std Dev
Expert,10000,6.58,13.48,4.148734746883681,3.0727837541877236
Mixed Suboptimal,10000,7.88,17.94,4.307822342359691,2.496753447534973
Mixed Random,10000,4.24,13.85,2.4518473760728985,4.099119146570123
Epsilon-greedy,10000,8.02,16.02,1.975854245636555,2.754713132876897
Boltzmann Softmax: Tau 0.5,10000,2.16,2.42,2.108817467471073,2.589208373229161
Boltzmann Softmax: Tau 1.5,10000,3.7399999999999998,2.1399999999999997,4.1018153162824005,2.1014280858501917
Random,10000,3.71,3.31,3.5287548953010486,3.42845932356406
