Behavioral Policy,Training Steps,IQL Score,BC Score,IQL Score Std Dev,BC Score Std Dev
Expert,5000,4.86,15.8,2.947541348310486,4.046603514059661
Mixed Suboptimal,5000,7.56,18.119999999999997,4.189722876011942,4.06415222812007
Mixed Random,5000,4.67,13.74,2.350437311556204,2.5509039792024923
Epsilon-greedy,5000,9.24,17.2,2.663831826523589,1.477234653744022
Boltzmann Softmax: Tau 0.5,5000,3.3,2.2800000000000002,4.380766041585776,2.030216189911256
Boltzmann Softmax: Tau 1.5,5000,3.3,2.12,4.380766041585776,2.067096729446614
Random,5000,3.0100000000000002,3.4400000000000004,2.2965916775372444,3.3423877027591455
