Behavioral Policy,Training Steps,IQL Score,BC Score,IQL Score Std Dev,BC Score Std Dev
Expert,25000,8.1,17.119999999999997,3.5270384177096794,6.8634539409833595
Mixed Suboptimal,25000,8.68,17.240000000000002,2.463421288461323,3.282681830455092
Mixed Random,25000,4.09,13.290000000000001,2.372738689550303,3.2309097446041073
Epsilon-greedy,25000,8.5,15.280000000000001,2.1166010488516727,2.7124404755373597
Boltzmann Softmax: Tau 0.5,25000,2.68,2.38,2.2225110923357745,2.189266746855871
Boltzmann Softmax: Tau 1.5,25000,3.9799999999999995,1.0,4.154996991575325,1.083205120618128
Random,25000,2.95,2.7399999999999998,1.8963415069842013,3.482400193991367
