Behavioral Policy,Training Steps,IQL Score,BC Score,IQL Score Std Dev,BC Score Std Dev
Expert,200,7.76,8.36,2.8693204770467866,3.460202306224305
Mixed Suboptimal,200,7.38,7.540000000000001,2.866201512648947,3.549397444950653
Mixed Random,200,6.220000000000001,6.390000000000001,2.222011101082381,3.537560364620417
Epsilon-greedy,200,4.24,9.72,1.535650423183031,2.894746198815287
Boltzmann Softmax: Tau 0.5,200,0.74,0.6,1.5600569790164007,1.2649110640673518
Boltzmann Softmax: Tau 1.5,200,1.22,3.12,1.395866915018923,1.7453430099044205
Random,200,1.97,0.4599999999999999,1.7262998323324694,0.7705697747626609
