Behavioral Policy,Training Steps,IQL Score,BC Score,IQL Score Std Dev,BC Score Std Dev
Expert,50000,7.24,12.28,6.304204945907137,3.0946728421595715
Mixed Suboptimal,50000,7.040000000000001,13.2,4.078452865705056,4.809250345832382
Mixed Random,50000,4.54,12.63,2.9432408441489573,2.570797541620109
Epsilon-greedy,50000,7.140000000000001,11.78,4.063167893815531,3.459222777188862
Boltzmann Softmax: Tau 0.5,50000,2.28,0.26,1.976978615070088,0.5481281277625191
Boltzmann Softmax: Tau 1.5,50000,2.2,2.36,2.1260291625469296,2.0586943003326703
Random,50000,2.82,2.98,1.8437883705988485,3.236184310092503
