Behavioral Policy,Training Steps,IQL Score,BC Score,IQL Score Std Dev,BC Score Std Dev
Expert,100,6.8,4.6,1.0954451150103324,0.5477225575051663
Mixed Suboptimal,100,4.933333333333334,3.533333333333333,2.9146591730832085,1.5055453054181622
Mixed Random,100,4.866666666666666,2.933333333333333,2.587515815456612,1.3870146083619754
Epsilon-greedy,100,5.133333333333334,3.8,2.614975188810639,1.1464230084422218
Boltzmann Softmax: Tau 0.5,100,3.6,3.0,1.4040757000349273,1.7728105208558367
Boltzmann Softmax: Tau 1.5,100,1.8,2.933333333333333,1.65615734242165,1.486446705914413
Random,100,2.6,3.0,1.5491933384829668,1.0690449676496976
