Behavioral Policy,Training Steps,IQL Score,BC Score,IQL Score Std Dev,BC Score Std Dev
Expert,2000,7.94,9.4,2.4694128856876083,2.2124646889837587
Mixed Suboptimal,2000,12.16,12.34,2.832038920008772,4.001444183736111
Mixed Random,2000,5.9,10.56,1.7524585904126555,2.151072084127148
Epsilon-greedy,2000,6.98,10.98,4.803887314803848,1.1380294860464344
Boltzmann Softmax: Tau 0.5,2000,1.4,0.2,2.327612033346145,0.4216370213557839
Boltzmann Softmax: Tau 1.5,2000,2.8600000000000003,0.74,1.6460052652811696,1.110755498648455
Random,2000,2.5700000000000003,2.8600000000000003,1.8336666363691447,2.150038759340553
