Behavioral Policy,Training Steps,IQL Score,BC Score,IQL Score Std Dev,BC Score Std Dev
Expert,500,5.84,8.9,1.7952715672009072,2.726719640887196
Mixed Suboptimal,500,8.440000000000001,12.1,3.631100231181851,3.667878587594379
Mixed Random,500,5.83,12.05,1.706881496895565,3.229465039978672
Epsilon-greedy,500,4.6,9.26,1.8666666666666667,4.688804633260902
Boltzmann Softmax: Tau 0.5,500,0.52,0.0,1.096256255525038,0.0
Boltzmann Softmax: Tau 1.5,500,1.9,0.5,2.1207964960782486,0.6666666666666666
Random,500,3.17,2.2,1.84393902044268,2.274496281230931
