Behavioral Policy,Training Steps,IQL Score,BC Score,IQL Score Std Dev,BC Score Std Dev
Expert,5000,7.76,11.42,6.199032182526559,0.941806774237688
Mixed Suboptimal,5000,10.68,14.080000000000002,3.523508352638192,4.600676278790133
Mixed Random,5000,6.19,10.75,2.663936102003116,2.784181507493121
Epsilon-greedy,5000,5.6,12.08,3.32532371022398,3.908054361045773
Boltzmann Softmax: Tau 0.5,5000,2.1,0.58,2.254871270038368,1.2227473619317732
Boltzmann Softmax: Tau 1.5,5000,2.68,1.64,1.967965672690682,2.225708376624794
Random,5000,3.16,2.93,1.8745073426844123,1.979365779457877
