Behavioral Policy,Training Steps,IQL Score,BC Score,IQL Score Std Dev,BC Score Std Dev
Expert,1000,8.0,8.040000000000001,2.127204738618265,3.118974190338869
Mixed Suboptimal,1000,8.42,13.7,3.01801995428202,2.171532996653644
Mixed Random,1000,6.15,10.51,2.106735230951752,2.9647746775916866
Epsilon-greedy,1000,6.48,10.26,2.6578186544608347,2.0673117272868597
Boltzmann Softmax: Tau 0.5,1000,1.14,0.0,2.4033310217279684,0.0
Boltzmann Softmax: Tau 1.5,1000,2.06,2.7,2.0369912452765555,2.2
Random,1000,1.97,3.72,1.771408730047611,3.085737801203754
