Behavioral Policy,Training Steps,IQL Score,BC Score,IQL Score Std Dev,BC Score Std Dev
Expert,100,5.36,6.08,1.9806564568344505,3.4715990551905613
Mixed Suboptimal,100,6.68,3.88,3.102973484328289,2.380849521587713
Mixed Random,100,5.61,2.58,2.4406055714833474,2.1549941995281565
Epsilon-greedy,100,4.86,4.16,1.9738287666360523,1.2158216243438928
Boltzmann Softmax: Tau 0.5,100,0.22,0.0,0.4638007234913623,0.0
Boltzmann Softmax: Tau 1.5,100,1.82,2.12,2.245390339735561,2.067096729446614
Random,100,2.59,1.46,3.330148478504958,1.899239613927403
