Behavioral Policy,Training Steps,IQL Score,BC Score,IQL Score Std Dev,BC Score Std Dev
Expert,10000,7.2,12.42,6.309912836165014,1.8471599822430107
Mixed Suboptimal,10000,7.12,16.22,3.3115286835874187,2.9230121450312176
Mixed Random,10000,5.57,11.85,1.714675220300075,2.647955185924918
Epsilon-greedy,10000,5.84,15.0,3.2589023373590758,1.4727148022916348
Boltzmann Softmax: Tau 0.5,10000,2.2,0.2799999999999999,2.0580465387244176,0.5902918298980975
Boltzmann Softmax: Tau 1.5,10000,2.56,1.82,2.006212573205763,2.2493455838433443
Random,10000,2.8,1.7,1.755625877635159,1.4406788523316207
