Behavioral Policy,Training Steps,IQL Score,BC Score,IQL Score Std Dev,BC Score Std Dev
Expert,25000,7.139999999999999,14.86,6.444222218390672,2.214271889357763
Mixed Suboptimal,25000,7.0,13.78,4.045848352186336,4.543322328184274
Mixed Random,25000,4.5600000000000005,11.5,2.649192749163832,2.9981475762358474
Epsilon-greedy,25000,7.12,12.22,4.0394719126803365,4.089227039157618
Boltzmann Softmax: Tau 0.5,25000,0.4599999999999999,0.26,0.6022181221672648,0.5481281277625191
Boltzmann Softmax: Tau 1.5,25000,2.36,3.24,2.0586943003326703,2.0359000193744503
Random,25000,1.7399999999999998,2.67,2.101956760312215,1.9522351861961256
