{"global_step": 425000, "_timestamp": 1716678525.4320807, "rollout/ep_len_mean": 17.450000762939453, "rollout/ep_rew_mean": 0.8359500169754028, "rollout/exploration_rate": 0.10000000149011612, "time/fps": 873.0, "train/learning_rate": 9.999999747378752e-05, "train/loss": 3.3539186006237287e-06, "_runtime": 487.8704707622528, "_step": 1728, "eval/mean_ep_length": 26.875, "eval/mean_reward": 0.7381250262260437, "_wandb": {"runtime": 487}}