{"global_step": 250000, "_timestamp": 1716677338.5080843, "rollout/ep_len_mean": 66.5199966430664, "rollout/ep_rew_mean": 0.3453199863433838, "rollout/exploration_rate": 0.10003600269556046, "time/fps": 890.0, "train/learning_rate": 9.999999747378752e-05, "train/loss": 1.745066219882574e-05, "_runtime": 285.99087738990784, "_step": 923, "eval/mean_ep_length": 85.82499694824219, "eval/mean_reward": 0.1425749957561493, "_wandb": {"runtime": 285}}