{"global_step": 400000, "_timestamp": 1716794551.3403134, "rollout/ep_len_mean": 45.060001373291016, "rollout/ep_rew_mean": 0.558459997177124, "rollout/exploration_rate": 0.10002250224351883, "time/fps": 905.0, "train/learning_rate": 9.999999747378752e-05, "train/loss": 4.546418495010585e-06, "_runtime": 445.3684573173523, "_step": 1382, "eval/mean_ep_length": 47.25, "eval/mean_reward": 0.5322499871253967, "_wandb": {"runtime": 444}}