Behavioral Policy,Training Steps,IQL Score,BC Score,IQL Score Std Dev,BC Score Std Dev
Expert,200,3.8,8.84,2.2169799277395366,2.3114930239998563
Mixed Suboptimal,200,4.44,7.94,1.2589237025685427,2.0424386295689656
Mixed Random,200,3.62,4.8,1.738326142522679,3.0062897029025293
Epsilon-greedy,200,3.8,8.02,2.090188720878784,5.2782151865527
Boltzmann Softmax: Tau 0.5,200,0.0,0.2,0.0,0.4216370213557839
Boltzmann Softmax: Tau 1.5,200,0.64,0.9199999999999999,0.8682037651253176,0.8390470785361211
Random,200,1.3199999999999998,0.9099999999999999,1.852205892082915,1.7691491991601187
