Behavioral Policy,Training Steps,IQL Score,BC Score,IQL Score Std Dev,BC Score Std Dev
Expert,1000,5.82,8.040000000000001,2.2253089673121798,3.118974190338869
Mixed Suboptimal,1000,7.26,13.7,2.925443935921901,2.171532996653644
Mixed Random,1000,4.37,10.51,2.742282099112181,2.9647746775916866
Epsilon-greedy,1000,5.82,10.26,0.9077444574328175,2.0673117272868593
Boltzmann Softmax: Tau 0.5,1000,0.48,0.0,1.0119288512538813,0.0
Boltzmann Softmax: Tau 1.5,1000,2.2800000000000002,2.7,1.9859506539690255,2.2
Random,1000,2.66,3.72,2.0817727488315763,3.085737801203754
