Behavioral Policy,Training Steps,IQL Score,BC Score,IQL Score Std Dev,BC Score Std Dev
Expert,100,3.8,6.08,2.2169799277395366,3.4715990551905613
Mixed Suboptimal,100,3.8,3.88,2.090188720878784,2.3808495215877135
Mixed Random,100,3.71,2.58,1.2913816889930982,2.1549941995281565
Epsilon-greedy,100,3.8,4.16,2.090188720878784,1.2158216243438928
Boltzmann Softmax: Tau 0.5,100,0.0,0.0,0.0,0.0
Boltzmann Softmax: Tau 1.5,100,1.42,2.12,1.4581571322125135,2.067096729446614
Random,100,1.17,1.46,1.768897962009115,1.899239613927403
