Behavioral Policy,Training Steps,IQL Score,BC Score,IQL Score Std Dev,BC Score Std Dev
Expert,50000,7.359999999999999,11.02,1.7415510328439991,1.3863621460498694
Mixed Suboptimal,50000,11.680000000000001,15.580000000000002,3.143529509608233,2.4425851514782897
Mixed Random,50000,3.96,10.09,1.869759342803239,2.514601801920579
Epsilon-greedy,50000,5.92,10.36,3.888101507591248,4.082265166410542
Boltzmann Softmax: Tau 0.5,50000,2.7800000000000002,1.48,1.9176374353180876,1.6198765385053266
Boltzmann Softmax: Tau 1.5,50000,3.22,2.1399999999999997,2.3059343731627173,2.1014280858501917
Random,50000,2.2800000000000002,2.8,1.912996486028021,3.2255921075741187
