Behavioral Policy,Training Steps,IQL Score,BC Score,IQL Score Std Dev,BC Score Std Dev
Expert,5000,7.12,11.26,3.238363784382477,3.447172754591797
Mixed Suboptimal,5000,8.459999999999999,15.52,2.39592246211025,3.567383105614285
Mixed Random,5000,3.9899999999999998,11.23,2.107368026710095,2.9862834575587245
Epsilon-greedy,5000,7.540000000000001,11.9,2.223710612667235,3.62276751178494
Boltzmann Softmax: Tau 0.5,5000,4.4799999999999995,1.92,3.770882596363291,2.2503333086456325
Boltzmann Softmax: Tau 1.5,5000,2.68,2.52,2.2245099335459133,1.997109021672188
Random,5000,2.46,3.21,2.4176205014205374,3.4894921629881273
