Behavioral Policy,Training Steps,IQL Score,BC Score,IQL Score Std Dev,BC Score Std Dev
Expert,25000,7.1,15.66,2.1447610589527217,4.6591844779961225
Mixed Suboptimal,25000,10.58,14.280000000000001,1.3894843168120568,4.675895636132184
Mixed Random,25000,4.529999999999999,10.32,2.792072109861539,2.8665891462386672
Epsilon-greedy,25000,5.82,13.280000000000001,1.6130027209455595,2.463421288461322
Boltzmann Softmax: Tau 0.5,25000,3.84,1.44,4.288796775061483,1.596663187191755
Boltzmann Softmax: Tau 1.5,25000,2.7800000000000002,2.12,2.678639787487506,2.067096729446614
Random,25000,2.68,2.94,2.2448954442368927,3.239410097190193
