Behavioral Policy,Training Steps,IQL Score,BC Score,IQL Score Std Dev,BC Score Std Dev
Expert,10000,6.859999999999999,13.12,3.02456608458139,1.5482247898803336
Mixed Suboptimal,10000,8.58,14.919999999999998,2.5986321188057553,1.9532309415711981
Mixed Random,10000,4.01,11.11,2.2343032719644644,2.7614207293428583
Epsilon-greedy,10000,6.840000000000001,12.84,1.0297788327813135,1.4871299726505265
Boltzmann Softmax: Tau 0.5,10000,4.4799999999999995,1.56,3.770882596363291,1.080329167944248
Boltzmann Softmax: Tau 1.5,10000,2.2399999999999998,1.86,2.5233135181960864,2.086570817819941
Random,10000,2.33,2.54,2.227629532335512,1.7360235533476434
