Behavioral Policy,Training Steps,IQL Score,BC Score,IQL Score Std Dev,BC Score Std Dev
Expert,500,6.04,8.22,3.4370045097439132,2.1580083410404143
Mixed Suboptimal,500,5.5600000000000005,13.36,2.300338139395066,2.2789861293517744
Mixed Random,500,4.43,9.77,3.4224909706885196,3.389542742022882
Epsilon-greedy,500,4.96,11.459999999999999,1.4508235209317806,1.9523205565571335
Boltzmann Softmax: Tau 0.5,500,0.0,0.0,0.0,0.0
Boltzmann Softmax: Tau 1.5,500,0.44000000000000006,1.1199999999999999,0.5719362823873924,1.1669523459755233
Random,500,2.55,1.85,2.136065958199273,1.785279312102793
