{"global_step": 350000, "_timestamp": 1716677994.5051267, "rollout/ep_len_mean": 67.18000030517578, "rollout/ep_rew_mean": 0.3363800048828125, "rollout/exploration_rate": 0.1000257134437561, "time/fps": 865.0, "train/learning_rate": 9.999999747378752e-05, "train/loss": 6.357946404023096e-06, "_runtime": 409.04304361343384, "_step": 1192, "eval/mean_ep_length": 74.5250015258789, "eval/mean_reward": 0.25677499175071716, "_wandb": {"runtime": 408}}