{"global_step": 500000, "_timestamp": 1716401565.5593178, "rollout/ep_len_mean": 12.109999656677246, "rollout/ep_rew_mean": 0.8890100121498108, "rollout/exploration_rate": 0.10001800209283829, "time/fps": 941.0, "train/learning_rate": 9.999999747378752e-05, "train/loss": 1.5758976132929092e-06, "_runtime": 533.4315137863159, "_step": 2317, "eval/mean_ep_length": 11.524999618530273, "eval/mean_reward": 0.8937749862670898, "_wandb": {"runtime": 532}}