Behavioral Policy,Training Steps,IQL Score,BC Score,IQL Score Std Dev,BC Score Std Dev
Expert,1000,8.4,14.7,1.5937377450509227,5.60223169817172
Mixed Suboptimal,1000,8.959999999999999,14.24,2.936816114244964,4.626781939005891
Mixed Random,1000,7.93,13.57,4.3189633529869695,3.4137141714625794
Epsilon-greedy,1000,8.84,13.2,1.9648013753162037,3.80992854992788
Boltzmann Softmax: Tau 0.5,1000,1.42,0.26,2.327039129690584,0.5481281277625191
Boltzmann Softmax: Tau 1.5,1000,3.66,2.6,4.247666025791889,2.157158624981791
Random,1000,1.84,3.01,1.6194649322126946,3.4799265637206904
