Behavioral Policy,Training Steps,IQL Score,BC Score,IQL Score Std Dev,BC Score Std Dev
Expert,50000,5.220000000000001,15.82,3.7685540993861295,7.959711050031903
Mixed Suboptimal,50000,7.960000000000001,17.54,1.5034774505939372,6.197705668677368
Mixed Random,50000,6.18,15.48,3.170629099861555,4.075345929420525
Epsilon-greedy,50000,8.48,11.76,2.092738769066879,4.009211615489731
Boltzmann Softmax: Tau 0.5,50000,2.8400000000000003,1.6,1.6119001899069998,1.2454361128179603
Boltzmann Softmax: Tau 1.5,50000,2.12,1.44,2.0563181768501795,1.0276186062932102
Random,50000,1.96,2.28,2.29888862037483,3.3001010085551425
