Behavioral Policy,Training Steps,IQL Score,BC Score,IQL Score Std Dev,BC Score Std Dev
Expert,500,7.58,13.22,2.7123790295605814,2.360508419811291
Mixed Suboptimal,500,8.02,17.759999999999998,2.6960052752998176,3.8254121056139527
Mixed Random,500,7.81,16.07,2.346368352250866,2.650387812293806
Epsilon-greedy,500,6.640000000000001,13.8,2.846127974010382,4.085747585611884
Boltzmann Softmax: Tau 0.5,500,1.44,0.0,2.3679339330123024,0.0
Boltzmann Softmax: Tau 1.5,500,2.18,1.2,2.114920539615824,1.5491933384829668
Random,500,2.56,0.7699999999999999,1.6925982656522156,1.7524902916199627
