Behavioral Policy,Training Steps,IQL Score,BC Score,IQL Score Std Dev,BC Score Std Dev
Expert,2000,8.26,15.0,2.3586012804202405,4.693080012102926
Mixed Suboptimal,2000,13.06,17.3,5.390361768935365,3.854578806793004
Mixed Random,2000,7.909999999999999,14.46,4.29559205594655,5.380045435578484
Epsilon-greedy,2000,9.22,15.16,2.1441392989573544,2.304199065474451
Boltzmann Softmax: Tau 0.5,2000,2.22,0.0,2.4742226613176466,0.0
Boltzmann Softmax: Tau 1.5,2000,1.22,0.74,1.395866915018923,0.6518350166176169
Random,2000,3.53,2.28,3.237643175727266,1.9982214313956523
