Behavioral Policy,Training Steps,IQL Score,BC Score,IQL Score Std Dev,BC Score Std Dev
Expert,5000,7.2,14.78,4.532107677449864,2.1358838919754044
Mixed Suboptimal,5000,10.66,18.36,7.079736341606703,4.088248742160605
Mixed Random,5000,5.59,14.24,3.916758864163072,2.5958085873619843
Epsilon-greedy,5000,8.68,15.56,1.8480019240009224,3.623135535846142
Boltzmann Softmax: Tau 0.5,5000,1.64,0.5,2.2682347517152825,0.6666666666666666
Boltzmann Softmax: Tau 1.5,5000,2.74,1.92,2.2465776441314267,2.2144976857066254
Random,5000,2.29,3.05,1.7622271262366962,3.579338858876967
