Behavioral Policy,Training Steps,IQL Score,BC Score,IQL Score Std Dev,BC Score Std Dev
Expert,100,7.42,4.48,3.379644951766384,2.656501458685841
Mixed Suboptimal,100,5.26,3.26,2.1256110232641867,2.046786098578289
Mixed Random,100,6.840000000000001,2.06,3.985863910259745,2.1412353651312803
Epsilon-greedy,100,7.06,3.74,3.1969429842342274,2.061930055931955
Boltzmann Softmax: Tau 0.5,100,0.22,1.34,0.4638007234913623,2.3339046919510467
Boltzmann Softmax: Tau 1.5,100,2.12,1.9,2.0563181768501795,2.2191089302790985
Random,100,2.01,1.4,3.4073287027947408,1.806777364382354
