Behavioral Policy,Training Steps,IQL Score,BC Score,IQL Score Std Dev,BC Score Std Dev
Expert,200,7.840000000000001,13.9,2.173246419530008,3.0191058278901064
Mixed Suboptimal,200,7.5,11.12,2.5051058970741247,2.342268605908003
Mixed Random,200,7.38,6.21,1.8060392514499173,3.795157733510192
Epsilon-greedy,200,6.36,12.14,3.217728667519649,1.9213421235052224
Boltzmann Softmax: Tau 0.5,200,0.48,0.6,1.011928851253881,1.2649110640673518
Boltzmann Softmax: Tau 1.5,200,0.98,2.18,0.9670114327716663,2.0991003363875254
Random,200,1.96,0.3299999999999999,1.5334782540210852,0.5375872022286245
