Behavioral Policy,Training Steps,IQL Score,BC Score,IQL Score Std Dev,BC Score Std Dev
Expert,25000,5.22,14.580000000000002,3.861605883567095,2.217430945937213
Mixed Suboptimal,25000,8.0,15.779999999999998,1.5606266547626166,2.5780268078944064
Mixed Random,25000,4.5600000000000005,14.330000000000002,3.0155891261539223,3.5743064595340264
Epsilon-greedy,25000,8.5,14.8,2.086996778999804,3.476907949441413
Boltzmann Softmax: Tau 0.5,25000,0.4599999999999999,0.6,0.6022181221672648,0.77746025264604
Boltzmann Softmax: Tau 1.5,25000,2.16,2.56,2.13915871313935,2.006212573205763
Random,25000,1.99,2.25,2.3506263940584957,1.968784170779294
