Behavioral Policy,Training Steps,IQL Score,BC Score,IQL Score Std Dev,BC Score Std Dev
Expert,10000,5.2,14.8,3.7656340767525465,5.137606446585803
Mixed Suboptimal,10000,8.24,17.22,2.7492221122023266,1.6253546621515496
Mixed Random,10000,6.779999999999999,13.59,2.56939249196727,3.2001562461854896
Epsilon-greedy,10000,8.440000000000001,17.48,2.0918890983988616,2.9146373893009607
Boltzmann Softmax: Tau 0.5,10000,1.5399999999999998,0.82,2.196562971755849,1.17075474232081
Boltzmann Softmax: Tau 1.5,10000,1.1800000000000002,2.14,1.042219853112683,2.118280224878453
Random,10000,1.8,2.47,1.8529256146249728,3.6447984245436063
