{"global_step": 500000, "_timestamp": 1714469806.6721165, "rollout/ep_len_mean": 12.359999656677246, "rollout/ep_rew_mean": 0.888759970664978, "rollout/exploration_rate": 0.10001800209283829, "time/fps": 209.0, "train/learning_rate": 9.999999747378752e-05, "train/loss": 1.1074347412431962e-06, "_runtime": 2393.7389595508575, "_step": 2592, "eval/mean_ep_length": 11.5, "eval/mean_reward": 0.8939999938011169, "_wandb": {"runtime": 2393}}